<?xml version="1.0" encoding="UTF-8"?>
<itop_design xmlns:xsi="http://www.w3.org/2001/XMLSchema-instance" version="1.4">
  <constants>
  </constants>
  <classes>
    <class id="room" _delta="define">
      <parent>PhysicalDevice</parent>
      <properties>
        <category>bizmodel,searchable</category>
        <abstract>false</abstract>
        <key_type>autoincrement</key_type>
        <db_table>room</db_table>
        <db_key_field>id</db_key_field>
        <db_final_class_field/>
        <naming>
          <format>%1$s</format>
          <attributes>
            <attribute id="name"/>
          </attributes>
        </naming>
        <display_template/>
        <icon>images/room.png</icon>
        <reconciliation>
          <attributes>
            <attribute id="name"/>
            <attribute id="org_id"/>
            <attribute id="organization_name"/>
          </attributes>
        </reconciliation>
      </properties>
      <methods></methods>
      <presentation>
        <details>
          <items>
            <item id="name">
              <rank>10</rank>
            </item>
            <item id="org_id">
              <rank>20</rank>
            </item>
            <item id="state">
              <rank>30</rank>
            </item>
            <item id="business_criticity">
              <rank>40</rank>
            </item>
            <item id="paper_board">
              <rank>50</rank>
            </item>
            <item id="superficie">
              <rank>60</rank>
            </item>
            <item id="location_id">
              <rank>70</rank>
            </item>
            <item id="monitor_id">
              <rank>80</rank>
            </item>
            <item id="move2production">
              <rank>100</rank>
            </item>
            <item id="purchase_date">
              <rank>110</rank>
            </item>
            <item id="end_of_warranty">
              <rank>120</rank>
            </item>
            <item id="description">
              <rank>130</rank>
            </item>
            <item id="documents_list">
              <rank>150</rank>
            </item>
            <item id="tickets_list">
              <rank>160</rank>
            </item>
            <item id="ipphones_list">
              <rank>170</rank>
            </item>
            <item id="monitors_list">
              <rank>180</rank>
            </item>
          </items>
        </details>
        <search>
          <items>
            <item id="name">
              <rank>10</rank>
            </item>
            <item id="org_id">
              <rank>20</rank>
            </item>
            <item id="state">
              <rank>30</rank>
            </item>
            <item id="business_criticity">
              <rank>40</rank>
            </item>
            <item id="location_id">
              <rank>50</rank>
            </item>
            <item id="monitor_id">
              <rank>70</rank>
            </item>
            <item id="move2production">
              <rank>100</rank>
            </item>
            <item id="purchase_date">
              <rank>110</rank>
            </item>
            <item id="end_of_warranty">
              <rank>120</rank>
            </item>           
            <item id="Tables">
              <rank>100</rank>
            </item>
          </items>
        </search>
        <list>
          <items>
            <item id="org_id">
              <rank>10</rank>
            </item>
            <item id="state">
              <rank>20</rank>
            </item>
            <item id="business_criticity">
              <rank>30</rank>
            </item>
            <item id="location_id">
              <rank>40</rank>
            </item>
            <item id="monitor_id">
              <rank>60</rank>
            </item>
          </items>
        </list>
      </presentation>
     </class>
    <class id="Monitor">
      <fields>
        <field id="type" xsi:type="AttributeEnum">
          <values>
            <value id="room" _delta="define">room</value>
          </values>
        </field>
      </fields>
    </class>
  </classes>
  <menus>
    <menu id="ConfigManagementOverview" xsi:type="DashboardMenuNode" _delta="must_exist">
      <definition>
        <cells>
          <cell id="2" _delta="must_exist">
            <dashlets>
              <dashlet id="99" xsi:type="DashletBadge" _delta="define">
                <rank>8</rank>
                <class>room</class>
              </dashlet>
            </dashlets>
          </cell>
        </cells>
      </definition>
    </menu>
  </menus>
  <user_rights>
    <groups>
    </groups>
  </user_rights>
</itop_design>
